isotope,atom_fraction
C-nat,0.017761272727273
O-16,0.086066
U-235,0.176992727272727
U-238,0.71918
